id,subreddit,author,upvotes,comments,title,story,status
1,confessions,RoommateShock,94.2k,7.8k,My roommate caught me doing something unforgivable in the bathroom.,"My roommate called the cops when he caught me shaving his girlfriend's legs in the bathroom [sfx:fart]. He was screaming at me, probably because she was fast asleep. It made the rest of her embalming process really awkward [sfx:fah].",done
2,confessions,WeddingDNAThrowaway,153.2k,12.8k,"My fiance insisted on doing DNA tests as wedding favors, and it destroyed her entire family.","My fiance thought it would be a cute quirky idea to gift 23andMe ancestry kits to both our immediate families during our rehearsal dinner. Everyone laughed and spat into the tubes. Three weeks later, the results arrived and our phones exploded with notifications [sfx:android-ring]. Her dad, who paid 60000 dollars for our luxury wedding venue, opened his app and saw a 0 percent paternal match with my fiance. Her mother turned ghost white and tried to giggle, claiming it was a laboratory mistake [sfx:fart]. But then the app refreshed to show my fiance had a 50 percent sibling match with her dad's wealthy business partner, who was sitting right across the table from us [sfx:fah]. The business partner choked on his wine and looked at the mother [sfx:flirt]. The father stood up without saying a single word, took the wedding deposit check off the table, and walked out into the rain.",done
3,confessions,DadOnGuard99,114.2k,8.3k,My 5-year-old daughter kept saying a strange man climbed into our house to hurt her brother.,"For two weeks, my 5-year-old daughter told me someone was sneaking through the living room window to hurt her 17-year-old brother. I thought it was just childhood nightmares until I woke up at 2 AM and found the window unlocked. My heart sank. I grabbed my shotgun and moved slowly down the dark hallway. I kicked my son's door open ready to fight, and in the pitch black I saw a man on top of my son. I was seconds from pulling the trigger when my son screamed for me to stop and flipped the lights on. It hit me like a truck. It was his male high school classmate [sfx:fah]. That was the exact second I realized why my daughter thought he was hurting him [sfx:fart], and that was how I found out my son was gay.",pending
4,tifu,HighHeelDisaster,88.5k,6.1k,My best friend beat the living hell out of me over a pair of shoes.,"My best friend tackled me for wrestling a pair of tight red high heels onto his sister's bare feet [sfx:fart]. He screamed that I was a sick pervert, mostly because her ankles were completely rigid. It made fitting her into the casket really difficult [sfx:fah].",pending
5,pettyrevenge,RouterRevengeGuy,91.6k,4.8k,"My entitled neighbor bragged about stealing my Wi-Fi, so I taught him an unforgettable lesson.","My neighbor openly bragged to our landlord that he cracked my router password and refused to chip in for the bill. Instead of changing the password, I accessed the admin panel and redirected all his internet traffic to a single fake webpage. Every time he opened any browser, a giant red banner flashed: Critical Security Breach: Illegal Activity Detected, Hard Drive Wipe in Progress [sfx:fah]. Three minutes later, I heard him screaming through the drywall. He knocked frantically on my front door trying to act calm and friendly [sfx:flirt]: Hey man, quick question, do you know how to stop a virus? Just then, my phone dinged with a router alert [sfx:android-ring] showing his laptop had disconnected. He panicked so hard he actually took his laptop apart and ran it under the bathroom sink [sfx:fart]. He has not asked for my Wi-Fi since.",pending
6,parenting,MamaBearInvestigates,108.5k,9.4k,"My 13-year-old daughter suddenly became obsessed with school, and I feared the worst.","My 13-year-old daughter Emma used to fake stomach flu just to skip class. Suddenly, she started waking up 30 minutes early, picking outfits, and talking endlessly about her history teacher Mr. Davidson. When I suggested moving her to a different class, she screamed at me and locked herself in her room. Terrified she was being groomed, I waited until midnight, crept into her room, and searched her phone. I found a hidden chat app with hundreds of unread messages [sfx:android-ring]. My hands were trembling as I opened them. It turned out Mr. Davidson was organizing an after-school Mario Kart esports tournament [sfx:fah]. Emma was practicing 4 hours a night to impress an eighth-grade boy she had a massive crush on [sfx:flirt]. I spent 3 sleepless nights worrying about a predator, only to realize I was raising a competitive gamer [sfx:fart].",pending
7,confessions,ClosetConfessor,102.3k,9.4k,My best friend walked in on me in his sister's bedroom.,"My best friend caught me sniffing his sister's lace panties in her bedroom [sfx:fart]. He was completely furious, probably because she was still wearing them. It made the rest of her open-casket wake really uncomfortable [sfx:fah].",pending
8,AskReddit,TechBrokeBoy,95.1k,5.7k,"People who dated someone filthy rich without knowing, when did you find out?","I dated Emily for three months in college thinking she was broke like me. She wore thrift clothes, drove a dented 2004 Honda, and worked at the campus coffee shop. For spring break, she invited me to her family house to save money. The drive ended at a guarded gate and a massive steel-and-glass mansion overlooking the Pacific Ocean. Her dad was a legendary tech founder worth 12 billion dollars [sfx:fah]. Emily looked at me nervously and admitted she hid it because she wanted someone to love her for who she was, leaning in and holding my hand [sfx:flirt]. At dinner, her billionaire dad asked me for my 5-year plan. I told him the raw truth: I had 80000 dollars in student loans and hoped to pay them off before 40. The table went dead silent. Then her dad laughed, shook my hand [sfx:fah], and paid off my entire tuition the next morning.",pending
9,confessions,CampusMemories,142.0k,11.2k,"Everyone laughed at the rumor that our cafeteria lady was secretly a millionaire, until senior year.","Mrs. Morales drove a rusted 1995 Honda Civic, but kids noticed she always wore 900-dollar designer shoes and carried Prada bags she claimed were from Goodwill. She had a superpower for knowing which kids were struggling and quietly slid extra sandwiches to hungry students. Senior year, my dad lost his job and we were surviving on crackers. When I told Mrs. Morales I could not afford college application fees, she squeezed my shoulder. Two weeks later, a lawyer called: an anonymous donor funded a full 4-year scholarship covering tuition, room, and food [sfx:fah]. Whenever my laptop broke in college, mysterious checks arrived. Last month, she passed away at 78. I flew back expecting a small church service, but walked into a crowd of over 300 former students [sfx:fah]. Her lawyer revealed she was an early Apple investor who quietly put 120 underprivileged kids through university.",pending
10,tifu,LavenderMassageFail,79.1k,5.2k,I got caught giving a midnight massage.,"My buddy pulled a baseball bat on me when he found me rubbing lavender lotion onto his mom's bare feet [sfx:fart]. He screamed that I had disgusting fetishes, mostly because her skin was stone cold. It made finishing her mortuary prep really awkward [sfx:fah].",pending
11,tifu,LogicAndReasoning,88.7k,6.2k,"I accidentally proved that my boss cannot comprehend hypothetical scenarios, and it ruined dinner.","I read a study showing that people with low cognitive flexibility cannot process hypothetical questions. At a team dinner, my arrogant boss was bragging about his genius IQ. I decided to ask him casually: If you had taken the train this morning instead of driving, would you have arrived earlier? He scoffed and said: No, I drove my BMW. I explained: Right, but what if you took the train hypothetically? He slammed his fork down and yelled: Why would I take the train when I literally have a sports car? The entire table went completely silent [sfx:fart]. Another coworker tried to help: Okay, what if it rains tomorrow, do we cancel the company golf trip? He shouted: The forecast says clear skies, are you all brainless? Right then, his phone buzzed loudly [sfx:android-ring]. It was building security informing him he left his BMW engine running with the keys inside in the parking lot [sfx:fah].",pending
12,tifu,SoccerDadCrisis,76.3k,3.9k,My 18-year-old daughter walked into the room and begged me to disown her and kick her out.,"My 18-year-old daughter walked into the living room and said: Dad, cancel my allowance, rent my room out, throw my clothes into the trash, sell my car, and leave my entire inheritance to my brother. I panicked thinking she committed a federal crime or joined a dangerous cult. Then she stepped aside, brought in a guy wearing a Manchester United jersey, and said: Meet my new boyfriend [sfx:fart]. I stared at him in disbelief. The guy tried to flash a confident grin [sfx:flirt] and said: Actually sir, I am a full-time crypto trading influencer. Right then, my phone chimed [sfx:android-ring]. It was my Google alert confirming his favorite token crashed 99 percent that morning [sfx:fah]. I handed him a garbage bag for his stuff.",pending
